 Tweet Text, Informativeness
HOY es nuestro dia @Maria_21_music  #nerea #andres  #diego #gonzalo #elena #jaime #sergio #pablo #anxo,Not related
Yeahh yeahh esa jenga @alejandroalija @Telarera #tocayo #pablo http://t.co/peCCcDlq,Not related
a M√£e do meu amigo #Pablo. morreu :( ta muito tenso o clima...,Not related
Madrinas y apadrinados #SantaCecilia2012 @Carmen_Oboe @juanandres2307 #Pablo http://t.co/q92sofna,Not related
|11-26-12 || E-Games Attendant || Chada Bingo House || Cagayan de Oro http://t.co/aepte8Im #CDO|,Not related
#el #cumplea√±os #de #pablo #escobar #my #dad #birthday #celebration üòÄ http://t.co/R5O7L48h,Not related
St Scholastica's College Manila suspends classes according to Sr. Tammy Prado OSB. #WalangPasok,Related and informative
En el curso de primeros auxilios con @mvallvey @Tore_Baza95 @drecouvreur #alvaro y #pablo,Not applicable
Que grandes @emaemail27 @Ciropee #pablo http://t.co/HWwvlJWH,Not applicable
#pabloo vienes ya o te quedas sin hermana a causa de una hipotermia. Tengo friooooo!,Not applicable
Quiero que #Clemente le diga lo que le dijo la vieja de #Pablo y #Augusto a #Loli y que despues se muera.,Not related
Haoraa #pablo hee vailariim !! :p,Not related
Je viens de voir la #PP de #Pablo ! En Mode Terroriste Gucci !,Not applicable
We're tracking Typhoon #Bopha as it heads towards the #Philippines.  #WCPFC starts on Sunday and will be discussing #tuan and #sharks,Related and informative
After conquering those 21 rapids zip lineS nman and THE drop. May problema ksi ko sa pag ibig. HAHAHA #CDO #Bukidnon,Not related
|[NEWS] Typhoon Bopha is forecast to strike the Philippines at about 15:00 GMT on 4 ... - Reuters AlertNet (blog) || R... http://t.co/UjUK7RGL|,Related and informative
Wag nmn sana tumuloy ung bagyong c #pablo wag sirain ang pasko pls lng ha.,Related - but not informative
#Pablo no quita el maldito aire que me esta soplando en la cara tengo una calor agobiante ¬¨¬¨,Not related
|#Weather Update: Visayas will be greatly affected by Typhoon Bopha(TY Pablo). It might make landfall over Bohol on Tuesday ||via @seph_ubalde|,Related and informative
The Watchers - Tropical Storm Bopha upgraded to typhoon http://t.co/VB8TNzyC via @TheWatchers_,Related and informative
Expected track of Typhoon Bopha in the next 24-72 hrs. Will be a Category 4 storm in 48hrs and in the PAR in 72hrs. http://t.co/qRrnhnHb,Related and informative
Another typhoon named internationally as  #BOPHA will hit #Southern #Mindanao. It will be named #Pablo in RP. Oh noooooes!!,Related and informative
Con #pablo a le√≥n :D,Not related
Asi nos lo montamos @FeerAnton @Danii8Lopez #Alvaro #Pablo http://t.co/F0eYQyry,Not applicable
Disturbing news: Typhoon Pablo will make landfall in Mindanao. Ulan pud dha sa ato @medic_85 ? Waaahhhh,Related and informative
Typhoon Bopha is about 310 km east of the Phil Area of Responsibility moving at 26kph. Should be within PAR by dinnertime. #centennialatfest,Related and informative
Sunny Sunday. ‚ô• we're hoping typhoon Pablo won't hit our shores.,Related - but not informative
#ityphoonapp forecast track of super typhoon Bopha. It's boy scout time.  http://t.co/3gWpfC9R http://t.co/CA8AGMWT http://t.co/MY2mtirk,Related and informative
via @sijoroma: Ojo del Tif√≥n #Bopha gracias al Satelite Terra HD Sistema MODIS NASA. 01/12/2012 01:00UTC http://t.co/O3cqYHYa,Related and informative
http://t.co/E2URrfLE and the Bukidnon Bloggers @bukidnonblogger will post updates re: Typhoon #Pablo - let's be prepared guys #PabloPH,Related and informative
According to news #PabloPH is 3x stronger than Sendong! :( #bopha I hope everyone is prepared.,Related and informative
‚Äú@kylegalvezz: PAGASA: Typhoon Bopha expected to bring rains to Metro Manila on Thursday. No...‚Äù,Related and informative
Happy Rubadabango Day is Trending lol madami naglalaba ngayon padating na kasi si Typhoon Pablo.,Related - but not informative
After making landfall Bopha will cross Vis-Min area. Effects will be felt in NCR and rest of Luzon on Thursday #pabloPH @interaksyon,Related and informative
Let's be prepared! RT @jeffcanoy: (Typhoon) Pablo is expected to be stronger than Sendong.,Related and informative
@ABSCBNChannel2: Typhoon Pablo latest track http://t.co/O1oPhfsx,Related and informative
Praying that typhoon Bopha will change its course and not make a direct hit in any of the islands. We do not... http://t.co/xU9LHkEB,Related - but not informative
CDO's LGU is busy prepping for Typhoon Pablo (Bopha) what's Iligan's LGU doing? Any update? #PabloPH,Related and informative
@ABSCBNBreaking: Typhoon 'Bopha' stronger than 'Sendong' - PAGASA http://t.co/MuT3V9Dz,Related and informative
ComVal miners warned on typhoon; govt adopts #pabloPH hashtag: Disaster management officials on Sunday urged sma... http://t.co/xiv7HQYj,Related and informative
Panira yung #PabloPH. Nakakainis @OyyTanTan!,Related - but not informative
Nakakaloka ang parating na bagyong #PabloPH ingat po tayo lalo na mga taga mindanao!,Related - but not informative
@OyyAhh: Typhoon Pablo is expected to be stronger than Typhoon Sendong. Keep safe everyone. Keep calm and pray. :) wala ulit pasok! :))),Related and informative
Heads up! (Photo not mine) #PabloPH http://t.co/4y521PEq,Related and informative
‚Äú@OyyAhh: Typhoon Pablo is expected to be stronger than Typhoon Sendong. Keep safe everyone. Keep calm and pray. :)‚Äù !,Related and informative
NDRRMC: Incoming Typhoon Pablo may bring Sendong-like rains winds: The powerful typhoon approaching the Philipp... http://t.co/cs9D9hTO,Related and informative
#PabloPh Palubugin mo mga barko ng China,Not related
SUPER TYPHOON BOPHA (PABLO) UPDATE NUMBER 020 Issued: 7:00 PM PhT (10:00 GMT) Sunday 02 Dec 2012 Next Update:... http://t.co/C0df8dfw,Related and informative
Palau Philippines brace for powerful Typhoon Bopha http://t.co/dAfr6xvQ,Related and informative
The eye of Typhoon PABLO was located at 820 km Southeast of HinatuanSurigao Del Sur #keepsafe everyone!,Related and informative
in bukidnon stars are still visible. #pabloPH,Not related
favorite hashtag in desperate and lazy times #walangpasok,Not related
üôè Whenever I'm afraid I will trust in You Lord. üòä Shoo away typhoon Bopha!!! üò∞üò†üòê http://t.co/INXR7E4h,Related and informative
@ABSCBNNews: Typhoon ‚ÄòPablo‚Äô enters Philippine area of responsibility http://t.co/jfwVt5E5 - Be safe everyone..,Related and informative
God bless those who will be and are hit by the typhoon Pablo.,Related - but not informative
Pag-asa: At 10:00PM 02/DEC/2012 the eye of Typhoon #PabloPH was located at 810 km Southeast of Hinatuan Surigao... http://t.co/FHQIVZCH,Related and informative
Praying for Phils.esp.those areas that will be affected by typhoon BOPHA.Pls.be preparedstay safe &amp;pray!!!Our prayers are w/ u too!,Related - but not informative
Follow PAGASA's tweets for more updates on typhoon pablo. http://t.co/mmmAmD5a,Related and informative
@nhymyat87 Acasia Carmen #CDO #PabloPH,Related - but not informative
For all #PabloPH news stories and information log on to : http://t.co/IJOBYbDM @djstaana @Luchitweet @paolobediones @mykapalaran,Related and informative
packing all my important docu on my @getFILED folder. Very handy and sturdy. Preparing for the storm tomorrow :( . #PabloPH,Related - but not informative
Con mi princesa @RatonaLa y mis ni√±os #pablo y #juancarlos,Not applicable
|‚Äú@govph: There is a big possibility that Metro Manila won't be hit or affected by #PabloPH || via @dost_pagasa‚Äùsalamat naman!|,Related and informative
@renielbarroso ur right on that. Better safe than sorry po. :) #PabloPH,Related - but not informative
At 3:00AM 03/DEC/2012 the eye of Typhoon #PabloPH was located @ 715 km Southeast of Hinatuan Surigao Del Sur... http://t.co/EwudHfSE,Related and informative
Signal No. 2: S. Leyte Bohol Camiguin Bukidnon Davao del Norte Misamis Oriental Compostela Valley #PabloPH,Related and informative
hope i can come home early today should there be a heavy rainfall later. Either way am happy we are now prepared. #PabloPH,Related - but not informative
PAG-ASA: Typhoon PABLO has maintained its strength and is now heading towards Surigao Provinces.,Related and informative
I will force my Mama and Ate's tomorrow not to go to work. They're very workaholic and can't afford to absent. Tsk. #Pablo,Related - but not informative
Sana walang duty... #PabloPH,Related - but not informative
Afternoon classes are caneled because of Typhoon Pablo..,Related and informative
@rfulls_grace @chaster_babe @chanehj @chasterlee23 Typhoon Bopha heads towards Philippines http://t.co/Izul6u9C,Related and informative
JGH from school-Dad'soffice. Cancelled ang afternoon classes dahil sa lintek na bagyo! -_- Please Lord! Wag madamay ang Mindanao. :( #Pablo,Related and informative
#PabloPH .....  Pwede ka ma stop ?!?!,Related - but not informative
#PabloPH KATAKOT! ayaw ko pang mamatay gusto ko pang tumanda tsk tsk,Related - but not informative
#me #pablo #brothers #family #siblings #love #TagsForLikes #TFLers #instagood #tweegram #photooftheday #me # http://t.co/5tIzz6tY,Not related
Kagay-anons on alert mode as we are bracing for the typhoon to hit the area tonight. #PabloPH,Related and informative
@cdobloggers Thanks for info.. Our emergency team is monitoring the situ from here in HK.. Keep it coming. #PabloPH #CDO,Related and informative
|Google gets ready to help PH prepare for #PabloPH through http://t.co/cMrwdclm http://t.co/Ykgxrwe5 || @tinaarceodumlao|,Related and informative
Preparing for typhoon Pablo. http://t.co/Hdehe7dQ,Related - but not informative
Keep safe Davaoenos! #PabloPH is coming.,Related - but not informative
signal no. 2 sa #Bukidnon. walang lusot. even the bukid has threat. #pablo who are you?,Related and informative
#PabloPH  hoooy ! ang landi ! kung sino sino nalang tinitira mo ! ano to ? trip mo dre?,Not related
|DSWD Field Offices nakaantabay sa dadaanan ng bagyong #PabloPH standby funds at relief supplies handa na. || via @DSWDserve #reliefPH|,Related and informative
#PabloPH Shut the **** up!,Related - but not informative
Mayor Rama declared no class tomorrow because of Typhoon Bopha (Pablo) #fb,Related and informative
I pray for the people in surigao del sur . because of typhoon pablo,Related - but not informative
It was predicted that the said Typhoon Pablo is more destructive than Sendong. But we have The Almighty God who'll spare us from harm. üëºüôè,Related - but not informative
Mayati-an kos ka feeling older brother sakong little brother. Hahaha!! #pabloph #brotherlove http://t.co/iK6au9DV,Related - but not informative
Photo: Mayati-an kos ka feeling older brother sakong little brother. Hahaha!! #pabloph #brotherlove http://t.co/uarrdnnQ,Not related
Godbless in VISMINPH as a super typhoon #PabloPH.,Related - but not informative
Kingina mo #pablo tagal bumagsak -____- Charge na din para sure :D mehe! :&gt;,Related - but not informative
Dear Lord Sana walang masaktan sa Bagyong Pablo. #PabloPH,Related - but not informative
To my family and friends in Davao stay safe!!! #pabloPH,Related - but not informative
Watdapakkkk! :/ Di ba too Exaggerated ang mga news karon. Makakulba ngets. Imbis na ma Calk -- #Pablo,Not related
Typhoon Bopha heading for southern Philippines:        http://t.co/8QTUX4LA,Related and informative
#News #Asia - Typhoon Bopha heading for southern Philippines: A powerful typhoon is bearing down on the southern... http://t.co/PfxdZSzh,Related and informative
Typhoon #Bopha due to arrive in the #Philippines http://t.co/cv1nmUGY #PabloPH,Related and informative
Typhoon Bopha heads for southern Philippines http://t.co/e0dPK3qQ,Related and informative
Typhoon Bopha  is currently heading W with 132 mph winds.  http://t.co/Rbm7YHvB,Related and informative
Let‚Äôs pray that Pablo will not be the monster typhoon that we are bracing for,Related - but not informative
Zero casualty please #PabloPH,Related - but not informative
#PabloPH update: @WorldVisionPH in #MoisesPadilla Neg Occ. is closely monitoring with MDRMMC. Advisory on classes suspension is circulated.,Related and informative
Godpls.protect us always especially from this coming #Typhoonsignal no.3 is not a joke!,Related - but not informative
GoodNight! ‚ô• Sweet Dreams ;) Sleep Tight &amp; Sleep Well &gt;;D&lt; #LOVELOVELOVE #PRAY;* #Typhoon&gt;&lt; #NoClassTomorrow:bd,Related - but not informative
Super typhoon Pablo! Keep safe guys!! #pray,Related - but not informative
#Typhoon #Bopha course Praying for our family and all residents of the #Philippines. STAY SAFE http://t.co/NEFavU0F,Related - but not informative
Philippines: #Bopha/#Pablo storm signal no. 3 up over 13 areas http://t.co/383ImRzQ,Related and informative
@YouScoopGMA Cdo ready 4 #Pablo. Panic buying lights canned goods &amp; bread. Hotels fully bookd by residents residing in flood prone areas,Related and informative
Typhoon Pablo is coming. Signal no.2 already. Please pray for Mindanao. It is the best way to help people in surviving this type of calamity,Related and informative
#typhoon #philippines: Super Typhoon 26W (Bopha) now approaching Mindanao in the Philippines. http://t.co/9xS39I2d #26w #bopha #pablo,Related and informative
Anong meron at trending ka? @OnOnPerez #PabloPH =))) lol,Not related
#PabloPH Watching 2012 Movie while waiting for Pablo.,Not related
|11:55pm/Dec 3 || TYPHOON PABLO || Bagong Public Storm Warning Signals sa buong bansa ayon sa PAGASA kaninang 11:00pm. http://t.co/S5XEJ8g3|,Related and informative
Disaster preparation. #PabloPH #typhoon #Dumaguete#City http://t.co/1e5dlVOM,Related and informative
My prayers and thoughts go to our kababayans in VisMin. God will be there with you guys. #Pabloph,Related and informative
Good m0rnyt na sa inyo. And pray for mindanao and visayas! #Pablo ano b? #Malingmali ka ng timing. Nyt,Related - but not informative
SEVERE WEATHER BULLETIN NUMBER SIX TROPICAL CYCLONE WARNING: TYPHOON ‚Äú#PABLOPH‚Äù (BOPHA) ISSUED AT 11:00 PM 03... http://t.co/KPBE3V6M,Related and informative
Una presentaci√≥n menos!! Adi√≥s al agua de Coco! @elandresmartin  #pablo y #lucia ;-) http://t.co/XQogY8vM,Not applicable
Hourly Updates on Typhoon PABLO  Time Coordinates Position 1:00 a.m.  04 December 2012 7.5¬∞N 127.5¬∞E 150 km... http://t.co/KpuSp0wD,Related and informative
#reliefPH ops need road access. HELP report #roadsPH conditions to http://t.co/i46cE3kb &amp;view map http://t.co/IiXqG81u #rescuePH #PabloPH,Related and informative
Graphical projection of the possible track of Typhoon #PabloPH as its crosses through Northern Mindanao (CARAGA... http://t.co/2qdCJiit,Related and informative
Class Suspensions Super Typhoon Pablo (December 4 2012) http://t.co/PONvi3QY,Related and informative
Winds equal to a category 5 hurricane. The imagery is frightening. --&gt; Super typhoon Bopha bears down on Philippines http://t.co/vGgWVhxM,Related and informative
Good Morning. #typhoonpablo dissolve!,Related - but not informative
No podcast today in light of the most urgent news: Typhoon #PabloPH &amp; the safety of our kababayan in Visayas &amp; Mindanao. Stay safe po!,Related - but not informative
PAGASA raises Signal Number 2 over Biliran Island.#PabloPh,Related and informative
@DavaoCityGov: #davaocity is under storm signal #2. CLASSES from kinder to high school are SUSPENDED today Dec. 4. #walangpasok#fb,Related and informative
Heavy rain since 12am in CDeO :( whoa! Can now feel typhoon Pablo. Stay safe #Mindanao,Related and informative
Lumalakas na ang ulan at hangin dito sa Davao. Oh my. #TyphoonPablo,Related and informative
will be evacuating in a few moments. #PabloPH,Related - but not informative
As far as Sta. Filomena Iligan City Lanao del Norte is concerned we no longer have electricity as well as landline. :-( #PabloPH,Related and informative
In case you missed it: Typhoon Pablo made landfall in Davao Oriental at 4:45am t‚Ä¶ http://t.co/5RLehBCV #anc,Related and informative
@iamclareng :) i surely will ! xx just pray cos sabi nila. Typhoon Pablo could be the Strongest Typhoon in Mindanao History .,Related and informative
Rain and wind never stops here in Bohol since pa kaninang madaling araw. #PabloPH,Related and informative
@USLS_tweets: Official statement regarding clas suspension in college (USLS) will b released no later thn 12:00NN today. Stay tune. #PabloPH,Related and informative
#PabloPh may pasok ba ang PUBLIC school sa DAVAO City,Related and informative
yung maaga kang nagising masarap tulog mo and ready ka na naka uniform etc at paalis na tpos biglang #walangpasok ! &gt;.&lt; at &amp; :D,Related - but not informative
|I may be joking around about #Pablo but seriously #keepsafe everyone and #Pray. :|||,Related - but not informative
Bagyong Pablo hits Visayas and Mindanao. Please help us pray for our safety. #Pabloph,Related and informative
#PabloPH Evacuees @ SOuth 1 Central School in Tubod #Iligan getting wet inside the gym. Requesting the principal to open the classrooms,Related and informative
Strong winds here at the south. Continuous rainfall since last night. #TyphoonPablo,Related and informative
Beastly super typhoon Bopha bears down on Philippines http://t.co/ijsJnNFl,Related and informative
It's beggining to feel a lot like.christmas because of typhoon pablo! Keep safe y'all. http://t.co/jS5aZFMP,Related and informative
Lord 'wag Niyo pong pababayaan ung mga tao sa Vis/Min. #PabloPH :(,Related - but not informative
via @chematierra: AVISO: S√∫per Tif√≥n #Bopha golpea con furia #Mindanao #Filipinas Hurac√°n Cat5 el m√°s poderoso en tierra desde Megi 2010 h,Not applicable
Ah yess the 'calvario' is here... #PabloPH,Related - but not informative
@wwe #RAW will be 25 mins from now.... #Preparations for tonight.. I'm still on Super Typhoon #Bopha situation - as Michael,Not related
XU-CSG Update: Power is out in Iponan area. Source: Marilyn Baldado resident of Iponan #PabloPH,Related and informative
its raining again here at #bukidnon  typhoon #pabloph...classes suspended today :(,Related and informative
I wonder kung gaano na kataas ang waves ng #Dahican beach at #Mati #DavaoOriental #PabloPH #PrayForMindanao,Related - but not informative
@AngPilyongAstig Hahaha . Signal # 2 mi dri oyy . Muhunung niya mukusug . Lami pa gyod kaayo e laag KJ lng kay ning #PabloPH xD,Related - but not informative
Stay Safe Guys &amp; Keep Praying Lord God will save us from this Typhoon Pablo :),Related - but not informative
grabe lakas naman ng hangin may kasabay pang malakas ulan #PabloPH,Related and informative
At least 128 flights canceled due to typhoon #PabloPH #NewsYouCanUse,Related and informative
Centrio announces NOT OPEN for business TODAY due to #PabloPH. #CDO,Related and informative
Ang lamig. Penge kayakap? :D #PabloPH lumayas kana!,Related - but not informative
we dont have classes this day due to typhoon Pablo. whooaaahh!,Related and informative
No jodas #Pablo no jodas!!,Not related
[VIDEO] #FOI #RHbill #PabloPH and more: The most important stories only on the Rappler Newscast December 3 2012 http://t.co/B4X8sB2M,Not related
Its very windy outside. Typhoon pablo go away please !!!asap http://t.co/yGHrxvf0,Related and informative
its a little cold outside today and i was too scared to go outside 'cause typhoon pablo is heading my way i'm dead so greyson goodbye,Related - but not informative
rain drops is now falling on the roof top #PabloPH Signal No. 3,Related and informative
actually for collegiate level it's the universities' discretion. it wasn't really an order. haha #pablo,Related - but not informative
bumagyo lang end of the world kaagad? oa lang teh? #PabloPH,Related - but not informative
And the light just went off! #brownout #PabloPH,Related - but not informative
Typhoon Pablo http://t.co/zd3Y6wAj,Related - but not informative
Lets pray for everyone's safety :) #PabloPH,Related - but not informative
o #pablo comeu tanto que falo que amanha s√≥ vai ir na aula no 2¬∞ per√≠odo! O.o laspkoakspaksokapks,Not related
dumidilim na sa Manila :( #PabloPh,Related - but not informative
Dark skies. Swaying trees. Super strong wind. #PabloPH,Related and informative
It's going be a rainy week for Davao. #PabloPH http://t.co/XnObb62J,Related and informative
Intense rains and thunderstorms in malaybalay bukidnon as #PabloPH nears. No power in area. @cebudailynews,Related and informative
I just hope this will all be over soon. #PabloPH,Related - but not informative
Wind is howling...eerie..scary! A billboard fell here in cdo (near mindanao glassware). Accdg to magnum news. #PabloPH,Related and informative
Category no 5 #PabloPH lakas hangin dito sa cebu @ninofranco928,Related and informative
May bagyo #PabloPH let's all keep safe!,Related - but not informative
#PABLOPH Grabe ka.. Visayas talaga ha!,Related - but not informative
Pablo chill lang naman :) #PabloPh,Related - but not informative
Erratum: SM #CDO is OPEN today. #PabloPH,Not related
@Typhoon2k: View today's SPECIAL MORNING COVERAGE VIDEOBLOG on TYPHOON BOPHA (PABLO) [Dec. 04 2012] at the (cont) http://t.co/1EtFzT8g,Related and informative
malakas ka ba #PabloPH ??,Related - but not informative
Now it's raining pretty damn hard #PabloPH,Related and informative
@glendamgloria: RT @rapplerdotcom: #PabloPH: Flooding landslides in Lanao del Sur http://t.co/HypGSfG3,Related and informative
Lapu-Lapu power co staff cuts off tree branches near electric lines ahead of typhoon #PabloPH landfall in Ce http://t.co/lUoUcD8U,Related and informative
Loading up on caffeine so i'll be awake tonyt when the worse of the #storm #PabloPH comes. No #flood pls,Related - but not informative
#manila #flights Typhoon Bopha slams Philippines south destroys homes one dead: MANILA (Reuters) - Typhoon Bop...  http://t.co/0OIlCfue,Related and informative
Philippines hit by Typhoon Bopha: More than 40000 people are moved into shelter as a powerful typhoon hits the southern Philippines...,Related and informative
Bought a dynamo flashlight and a lighter just in case. #PabloPH http://t.co/M4SjdVhN,Related - but not informative
Typhoon Bopha slams Philippines south destroys homes one dead.,Related and informative
Snuck in some durian at a dvo hotel turned on the exhaust while eating it so management won't kick us out. Haha! #stranded coz of #PabloPH,Not related
#PabloPH http://t.co/LdJzQfWv,Not related
#pabloPH knocked down the banana trees  @ F. Llamas St http://t.co/mRxQXNmV,Related and informative
As far as I know I think #PabloPH didn't hit Davao City so hard.,Related and informative
Philippines hit by Typhoon Bopha: More than 40000 people are moved into shelter as a powerful typhoon hits the ... http://t.co/Jf8ndVRk,Related and informative
It is starting to rain.. #TyphoonPablo wag naman sanang OA ang pagdaan mo.,Related and informative
Google provides support in the Philippines with crisis response map for Typhoon Pablo: Google‚Äôs Crisis Reponse t... http://t.co/ajeuK70i,Related and informative
#reliefPH Food packs water &amp; non-food items needed. In #Iligan pls contact: @rmpnmr +63 223 5179 or BALSA #Mindanao #Lanao +63 222 6516,Related and informative
Philippines hit by Typhoon Bopha - More than 40000 people are moved into shelter as a powerful typhoon hits the sou... http://t.co/rHWrvgTk,Related and informative
VIDEO: Typhoon Bopha hits Philippines: A powerful typhoon has struck the southern Philippines causing flooding a... http://t.co/UFWWet9I,Related and informative
GAMBARAJAH menunjukkan Typhoon Bopha (yang dikenali sebagai Taufan Pablo di Filipina) menuju ke arah barat. Ini... http://t.co/6lKz75gV,Not applicable
Latest News - Typhoon Bopha lashes The Philippines - The Australian... #news http://t.co/DG9pnTfW,Related and informative
tumila na rin ang ulan sana tuloy2 na 'to #PabloPH,Related and informative
I hope we can get through this difficult times. Lord please keep us strong and take care of the ones we love. #PabloPH #pablogoaway,Related - but not informative
#UGC RT @annaoposa: The rain is getting stronger here in #Malapascua #Cebu and no more electricity. #PabloPH http://t.co/IS53vjc5,Related and informative
#PabloPH if you cash? then Join and Cick ! ! ! http://t.co/NwJM0F6H,Related and informative
VIDEO: Typhoon Bopha hits Philippines http://t.co/CdwkJpmm,Related and informative
PAGASA: At 2PM eye of Typhoon #PabloPH was located at 70km South of Tagbilaran City or at 95km Southeast of Dumaguete City (8.8¬∞N 124.0¬∞E).,Related and informative
#BBC #world VIDEO: Typhoon Bopha hits Philippines http://t.co/DHyhJlj9,Related and informative
Typhoon #PabloPH is strongest storm to hit Mindanao in two decades http://t.co/UlMFe5aZ,Related and informative
God bless those who are affected by typhoon pablo. #keepsafe,Related - but not informative
typhoon PABLO is now hitting us... classes are suspended :D,Related and informative
#PabloPH RT @talktoGLOBE: Globe Telecom experienced a service interruption due to fiber optic cuts in the areas of Davao City CDO Bukidnon,Related and informative
Philippines hit by Typhoon Bopha http://t.co/N0NswdHa philippines,Related and informative
The is blowing HARDER now. #typhoon,Related - but not informative
Pagdasal natin ang mga kababayan natin sa Visayas at Mindanao nawa'y magakaroon ng himala na mawala na lang ang Bagyong Pablo. #PabloPH,Related - but not informative
NEGOR: OCD said 250 families n coastal areas &amp; along Tanjay River r ready 4 evac 2 Villaflores College in Tanjay #PabloPH,Related and informative
Oh no. Sana h'wag ma cancel ang flight ng dad q. keep safe everyone !! #pray #PabloPH,Related - but not informative
@itsMorrisF same here...#PabloPH is near..,Related - but not informative
Pray for the Philippines especially in Visayas and Mindanao. Keep Safe mga KABABAYAN namin. #PabloPH,Related - but not informative
Sa lahat ng mga nasalanta ng bagyo including my personally known friends... mag-ingat kayong lahat. I will pray for all you! #PabloPH,Related - but not informative
#PabloPH MT @gwengarcia1ph: Province-wide #walangpasok ALL levels for tomorrow Dec. 5.,Related and informative
the no. 1 tourist spot in Cagayan de Oro üëêüôåüëà #bridge #rotonda #flood #highflood #OMG #pabloph # @ The Bridge http://t.co/upvOomhI,Related and informative
|ADVISORY || Mobile phone service interruptions in areas hit by Typhoon \'Pablo\' http://t.co/LDlgqzwh|,Related and informative
Typhoon Bopha thumps southern Philippines read full report here http://t.co/Xk79J5iL #Bopha,Related and informative
Keep safe eveyone! Just pray. God is with you. #PabloPH,Related - but not informative
@GEGNewsOnline FUTURECAST [based on PAGASA data]: Tomorrow PM: 140km southwest of Coron Palawan #PabloPH,Related and informative
Hindi ka na po nakakatuwa! Pwede ba tumigil ka na!! -.- #PABLO,Related - but not informative
#PabloPH NEW Signal No. 3: Negros Oriental S. Negros Occidental Iloilo Guimaras Antique N. Palawan Calamian Grp of Is.,Related and informative
@DonyaAngelica: Facundo! Dakpin si #PabloPH  Dalhin sa China!,Not related
Typhoon Bopha Pounds Southern Philippines: A powerful typhoon is pounding the southern Philippines uprooting tr... http://t.co/Jp45sXws,Related and informative
News:  Typhoon Pablo makes landfall in Philippines; Initial reports show minimal damage so far http://t.co/9K2rl9AD,Related and informative
Typhoon #Bopha #paplo killed 6 people in Philipines. http://t.co/3Lvrxum9,Related and informative
Crisis Response Page: Updates on typhoon Pablo http://t.co/1FcttqwU #PabloPH,Related and informative
Er? - RT @kazonozawa What #PabloPH? We workin out our own storm at the @rhipstop HQ! @awwwesam @andietahula @shotlo http://t.co/clmRQZjL,Related and informative
Imbis na may appointment ako dito sa Davao na cancel tuloy dahil kay Typhoon Pablo. Yes na lng at least we are safe. ;-D,Related - but not informative
Keep Safe #Philippines against #PabloPH,Related - but not informative
Guys let's pray that Typhoon Pablo ay mawala na at tumigil na sa pamiminsala sa bansa naten...,Related - but not informative
Beginning to feel #PabloPH here,Related and informative
Would anybody have any idea if the roads to new bataan is already passable? #PabloPH,Related and informative
The wind is getting stronger + now I can hear rain. #PabloPH Help us Lordddd :(,Related and informative
Photo: taken by @atchieescobido a while ago at Marcos Bridge.. #PabloPH #TyphoonBopha #Pablo #Bopha... http://t.co/jwDNhC05,Related and informative
#News #feed Google provides support in the Philippines with crisis response map for Typhoon Pablo http://t.co/StjJB1Z0  #feed,Related and informative
Atleast we are more prepared for #PabloPH And he will be leaving faster HOPEFULLY. #intimeslikethesewepray,Related - but not informative
Xavier University calls for volunteers to man the evacuation centers at XU main Manresa and Peublo Campuses. #PabloPH #CDO,Related and informative
Typhoon Bopha smashes into Philippines - Yahoo! News Maktoob http://t.co/fYrAlKep via @Yahoo_News_ME,Related and informative
Typhoon Pablo heads for the Visayas 12 areas under Signal 3: After plowing through Mindanao earlier in the day... http://t.co/eBiIzer0,Related and informative
@iamsuperbianca. Oke na po..dito .humina nah ang #pablo hopefully po hindi nah bumalik...,Related and informative
Gbre! Ramdam na namin hagupit ng super typhoon... Lord have mercy on us! #PabloPH,Related - but not informative
Sa mga sinasalanta ng bagyo ngayon magdasal lang po tayo...yngatz sa lahat! #PabloPH #24Oras,Related - but not informative
The current situation with Typhoon Pablo http://t.co/Y3E19EgP,Related and informative
What's up Dumaguete?! Ang lakas ng hangin noh? Leche tong si #PabloPH,Related and informative
#reliefPH #rescuePH #PabloPH RT @asl012712 please send help to our kababayans at Boston Davao Oriental. They badly need help.,Related and informative
lovin the cold weather ;) #typhoonpablo http://t.co/Ybzwrd2F,Related and informative
#CDO ist f√ºr Dich ein alter Hut oder? http://t.co/sTg0pm3m @Felicea,Not applicable
Let's pray for the safety of our kababayans in Mindanao and Visayas. #PabloPH,Related - but not informative
Typhoon Bopha hits Philippines killing 27 people and destroying homes: An intense typhoon thumped into the sout... http://t.co/FKC65VyW,Related and informative
Let us pray for our kababayans who are gettin hit by typhoon Pablo. üôèüòî,Related - but not informative
|‚Äú@ABSCBNNews: #PabloPH update from Caraga - 1 dead in Bislig 2 in Lingig and 5 in Trento - RP38 Noel Alamar ||via @DZMMTeleRadyo‚Äù|,Related and informative
Rain Of Typhoon Pablo Arrived At Dawn: Around 5 AM I woke up at the sound of rain. I can hear the raindrops and wind.  http://t.co/4qrnKrFf,Related and informative
Signal # 1 Biliran Surigao del Norte Surigao del Sur Siargao Dinagat #PabloPH,Related and informative
Share to us your photo and or story of typhoon Pablo. Post it here.,Related - but not informative
~nalusaw ata si #PabloPH -- sana hindi na lang na postpone ang GA. :( clear na sa Thursday!,Related - but not informative
@HenriYoung pablo is the current name of the typhoon here in the Phils. Haha Just sayin' :) Take care :),Related - but not informative
Philippines hit by Typhoon Bopha: More than 40000 people are moved into shelter as a powerful typhoon hits the southern Philippines...,Related and informative
@ldrin I hope you and yours are ok not affected by Typhoon Bopha!!!,Related - but not informative
And I pray #pabloPH go away..,Related - but not informative
The Xmas of the people who are affected of super typhoon called Pablo' is so challenging and full of trauma.,Related - but not informative
Philippines hit by Typhoon Bopha: More than 40000 people are moved into shelter as a typhoon hits the southern Philippines with rep...,Related and informative
@yusophM hey kmusta jan? binabayo na ba kayo ni #PabloPh ?,Related - but not informative
Antoooook. Di makatulog dahil ang ingay ng ulan! #PabloPh,Related - but not informative
@jereleneaguilar: Let us pray for our fellow filipinos in the Visayas and Mindanao region. #PabloPH,Related - but not informative
Storm Watch: #PabloPH They need immediate help. #DavaoCity https://t.co/p9CMzQNh @BongEliab @ADDU_Official @addusamahan,Related and informative
praying for our kababayans in visayas &amp; mindanao hit again by another disaster ..#typhoonpablo maglaho ka na!,Related - but not informative
@thatguySLATER HELP ME TREND #PabloPH #rescuePH #reliefPH #CATEEL #DAVAOORIENTAL LET'S TREND IT! HELP MY PROVINCE :((((((((,Related and informative
Have mercy on us Lord. Spare the lives of the innocent and grant speedy recovery for those afflicted. #Pablo,Related - but not informative
Typhoon #BOPHA still producing 175 km/h sustained winds at last observation.  Here is the latest #JTWC track: http://t.co/5X38wX6H,Related and informative
Prayers to everyone who's going through the rage of the storm. Stay safe! #Pablo,Related and informative
Let me feel your wrath super typhoon Pablo! #BringItOn,Related - but not informative
#Philippines: le #typhon #Bopha fait 52 morts et quatre disparus  http://t.co/iQx6bEio,Related and informative
stars sparkling amidst calm and peaceful skies over #Cebu. No more rain and wind back to normal. Thank you Lord! #cebu #banilad #PabloPH #fb,Related - but not informative
|STORIFIED || Photos reveal Typhoon Pablo's wrath http://t.co/hWHa0k2Q|,Related and informative
#Typhoon or #Hurricane It Kills Mostly the Poor. http://t.co/Y14MDTrr #Haiti #Cuba #Philippines #Cyclone #ClimateChange #Sandy,Related - but not informative
NASA: Pablo rainfall similar to Sendong Ondoy: MANILA Philippines - Heavy rains being spawned by Typhoon Pablo... http://t.co/KpU7EZ6L,Related and informative
Taglay ng Bagyong #PabloPH ang hanging aabot sa 130 kph at bugsong aabot sa 160 kph #UnangHirit,Related and informative
TSR Storm Alert - Typhoon BOPHA: NW Pacific: Storm Alert issued at 4 Dec 2012 18:00 GMT Typhoon BOPHA (26W)... http://t.co/8868QRMX,Related and informative
#PABLOPH massacred my neighborhood.,Related - but not informative
|TYPHOON PABLO || As of 7AM: Lokasyon: 110km northeast of Puerto Princesa City; Lakas: 130kph; Bugso: 160kph. #PabloPH #PanahonTV|,Related and informative
|Defense Sec. Voltaire Gazmin meets his men at NDRRMC #PabloPH #DZBB http://t.co/RP1Y5ILA || via @glenjuego|,Related and informative
Inaasahang magla-landfall sa Northern Palawan ang bagyong #PabloPH bago mag-tanghali ngayong araw,Related and informative
Typhoon Bopha (Cat 5) makes landfall at the Phillipines: Bopha slammed ashore on the Philippine island of M... http://t.co/XgK5WZJH #iwn,Related and informative
@ABSCBNNews @ANCALERTS We certainly pray #PabloPH won't turn 90 degrees to the right and head for Batasan to watch the debates,Related and informative
Mas enjoy ko pa si #TyphoonPablo kaysa makita pagmumukha ni #Amalayer. Late reaxon aq sa kaniya kakainis kc kababawan niya. Pagpasenxahan.,Related - but not informative
hoping &amp; praying that my folks in northern Palawan (town of Roxas) are safe.  mobile connection is still up as of this time #TyphoonPablo,Related and informative
Accept the consequences in every wrong decisions we made. #TyphoonPablo #VoteAgainstIsrael @NoyNoy Aquino,Related - but not informative
Typhoon Bopha kills dozens in the Philippines http://t.co/kDRwT4hd via @AJEnglish,Related and informative
Prayer for casualties. Hope for missing people. Fast recovery for injured people. #PabloPH #prayforPhilippines #philippines,Related - but not informative
|30.92: 'Bending down to lift up another is a good excersise for the heart.' || #PabloPH victims call out for help http://t.co/PnJ9RkWr #fb|,Related and informative
UPDATE: Forecast track for #PabloPH http://t.co/7PUw2XPv,Related and informative
#Now cebu is signal #2 but why its so hot? maybe typhoon pablo is gone:)lorcis@ymail.com///////,Related and informative
„ÄêÂè∞È¢®ÊÉÖÂ†±„ÄëÂè∞È¢®201224Âè∑ÔºàBOPHAÔºâ„ÅØ12Êúà5Êó•12ÊôÇ(JST)„Å´„ÅØÂåóÁ∑Ø10.2Â∫¶„ÄÅÊù±Áµå119.4Â∫¶„Å´„ÅÇ„Å£„Å¶„ÄÅ‰∏≠ÂøÉ„ÅÆÊ∞óÂúß„ÅØ975hPa„ÄÅÊúÄÂ§ßÈ¢®ÈÄü„ÅØ35„É°„Éº„Éà„É´„Åß„Åô„ÄÇ http://t.co/sjxddU25 #bopha #TY201224,Related and informative
‚Äú@rapplerdotcom: 44 dead in Compostela Valley town http://t.co/JNFVTKIJ New Bataan municipality hard hit by #PabloPH #Bopha‚Äù heartbreaking.,Related and informative
Didn't get in the rev for 2 consecutive days. Forgot I'm not a student anymore. Good luck to me. I'm getting ready for suicide! #PABLO,Not related
@iamvanessalouis ang HOT ni #PabloPH,Not applicable
hello sunshine! :D super init.. #sunshine #sun #init #superinit #BagyongPablo #pabloPH #sky #clouds #finewea http://t.co/FCB4Apjv,Related - but not informative
Interesting: Philippine death toll from Typhoon Bopha rises - BBC News: BBC NewsPhilippine death toll ... http://t.co/dsixVKgB Please RT,Related and informative
At 1:00PM 5/DEC/2012 the center of Typhoon #PabloPH was located @80km Northwest of Roxas Northern Palawan.  ( 11.0¬∞N 119.0¬∞E ).,Related and informative
|#PabloPH: http://t.co/XRvR2dyN || Check out the areas under signal #1 #2 and #3: http://t.co/mApQEg5B|,Related and informative
Baganga Davao Oriental is in need of water foods and clothings. #HELPBaganga #PabloPH ...,Related and informative
Philippine Typhoon Kills Dozens: Typhoon Bopha hit the Philippines hard Tuesday killing dozens of people many ... http://t.co/W9qI0qYV,Related and informative
@noynoyaquino  pls send help to baganga davao or. Badly hit by #PabloPH  isolated bec bridge broken Ppl need food and water #HELPBAGANGA,Related and informative
Off to Davao. #PabloPH coverage (@ PAL T2 Boarding Gate S5) http://t.co/w1kk3Z3P,Related and informative
Scores dead as Typhoon Bopha slams Philippines http://t.co/inDaXHU4,Related and informative
Philippines: death toll from Typhoon Bopha rises http://t.co/qEjfYxDe,Related and informative
|‚Äú@TIME: More than 200 killed in the Philippines by Typhoon #Bopha || http://t.co/oHTdOO59 (via @TIMEWorld)‚Äù Praying for my fellow people!|,Related and informative
NDRRMC: 95 dead 61 injured due to Typhoon Pablo. http://t.co/Wc90yG4v,Related and informative
Ka init gud ang bagyo :/ #PabloPH,Related - but not informative
Hurricane hits America everyone prays. The death toll continues to rise in the Phillipines from Typhoon Bopha no one even mentions it.,Related - but not informative
NASA - Super Typhoon Bopha: http://t.co/mkzgbUil,Related - but not informative
Philippine death toll from Typhoon Bopha rises http://t.co/LqW9tVqF,Related and informative
Typhoon Bopha: Death Toll Tops 200 In Philippines; Scores Missing In Worst-Hit Areas (VIDEO): NEW BATAAN Philip... http://t.co/CpavABRT,Related and informative
Typhoon Bopha: the Philippines hit by its most powerful storm of the year via @Telegraph http://t.co/RPC1CTMi,Related and informative
Drop off center for Davao-based friends to help #PabloPH victims via @AFRIMindanao  http://t.co/ou7AR1iH,Related and informative
@robertspeta Our state weather agency says #PabloPH out by tom afternoon. #Bopha,Related and informative
let us pray for all those who were affected by typhoon pablo,Related - but not informative
PAGASA: Typhoon Pablo last spotted at 110km northwest of Roxas Northern Palawan... http://t.co/KsrLIkWk,Related and informative
Typhoon Bopha not finished yet http://t.co/aZMBI3Lq,Related and informative
Typhoon Bopha not finished yet: Heavy rains flooding and landslides threaten the Philippines. http://t.co/ogss5WQc,Related and informative
Bagyong Pablo Dumaguete City Aftermath https://t.co/CQqK9TGU @ANCALERTS #PabloPH,Related and informative
Heavy rains strong winds and flying corrogated sheets #PabloPH came and went noticed. Thank God mey ilaw at cell signal na.,Related and informative
Philippines typhoon death toll passes 200: Officials in the Philippines say the death toll from Typhoon Bopha ha... http://t.co/UimcfW0s,Related and informative
Ayon sa PHL Army #PabloPH death toll nasa 224. Sa tala ng NDRRMC di bababa ng 95 ang bilang.,Related and informative
4 poultry houses down. thankyou pablo. #sarcasm #badnews #pabloPH,Related - but not informative
nakakaawa naman ung mga nabiktima ni #PabloPH. . . e di ipag-pe'pray ko na lang sila... @24Oras,Related - but not informative
Pray for those who died :( #PabloPH,Related - but not informative
Pls continue to pray for all the people in compostella valley that has been devastated by the Typhoon Pablo. Guide &amp; make them safe Lord!,Related - but not informative
Christmas is coming soon but people from the Southern part of Philippines are suffering because of Typhoon Pablo. :( #PrayforthePhillipines,Related - but not informative
Too many casualtie. :( just so sad. So sad. :( #pabloph,Related - but not informative
It's heartbreaking what they're showing in the news. Let's pray for the victims of TyPablo esp. those in Cagayan Valley. #PabloPh #reliefph,Related - but not informative
LGU's and Nat'l government is working! RT @MrJakeRamirez:  If I were these duffus suspend session and help #PabloPH victims!!,Related and informative
#pablo se nos ha venido abajooo :(,Not applicable
|Palau‚Äôs Jellyfish Lake Closed Until Further Notice Following Typhoon Bopha || Oceania Television Netw http://t.co/RDpaiHFy|,Related and informative
GK OPERATION WALANG IWANAN : ACTIVATED!  Even as Typhoon Pablo continues to threaten some parts of the country... http://t.co/PcWiBoRu,Related and informative
@DailyNewsFlash: News Philippines: Typhoon Bopha leaves over 270 dead - http://t.co/mgQuTnqp http://t.co/x6bVwTvT,Related and informative
Want to be in the news? Give it a #trashname - #sandy is easier to memorize for the common world. Nobody writes about #bopha. #thinksmall,Not related
#ANC's #PabloPH YouTube playlist (34 videos so far) http://t.co/2MB1wdrm http://t.co/2ps9yJl2,Related - but not informative
Typhoon Pablo The Aftermath: December 5 6:06 AM Woke up really early today. It seems the electricity is back for good. http://t.co/8nXDHmJj,Related and informative
Typhoon Bopha hits #Philippines killing more than 280 people http://t.co/bo9aHnJa,Related and informative
our thoughts and prayers should go to all the families who've lost everything in typhoon bopha on the philippines. :(,Related - but not informative
Please pray for all those affected by Typhoon Bopha in the Philippines: http://t.co/FhVSsE91,Related - but not informative
Kevin Ford vyfotil hurik√°n Bopha kter√Ω moment√°lnƒõ pusto≈°√≠ Filip√≠ny. #iss #bopha http://t.co/HNjG3guC,Related and informative
Death Toll Climbs Dramatically in Wake of 'Super Typhoon' Bopha https://t.co/Z3ryhR5G,Related and informative
Typhoon Bopha: Rescue crews in the Philippines are working to find hundreds of missing people in remote villages... http://t.co/pZzPZ03E,Related and informative
Typhoon Bopha: Rescue crews in the Philippines are working to find hundreds of missing people in remote villages... http://t.co/vZBxxOe8,Related and informative
Typhoon Bopha: Rescue crews in the Philippines are working to find hundreds of missing people in remote villages... http://t.co/M6ODwZ5R,Related and informative
Typhoon Death Toll Rises in Philippines - Voice of America http://t.co/yQ6dF7oR #Typhoon,Related and informative
|Typhoon Bopha Death Toll Soars in Philippines http://t.co/sUp5VlSh || http://t.co/iS8yAgBv|,Related and informative
Lucky to leave a few days earlier: BBC News - Philippines: Typhoon Bopha death toll rises http://t.co/PNsfJ2sG,Related and informative
Super Typhoon Bopha Rips Through the Philippines Leaving Hundreds Dead and Thousands Displaced:  Typhoon Bopha s... http://t.co/rSq9ypVh,Related and informative
Text GIVE 12696 to 80088 to donate $10 to help 5000 Families affected by Typhoon #Bopha in the #Philippines: http://t.co/8dccO6lI,Related and informative
youth at #cop18 stood in solidarity with Delegation from the Philippines this morning #bopha  http://t.co/58ybZMMV,Not related
Billarsico con @MiguyGarcia11 @DjPekes y #pablo,Not related
Philippines typhoon death toll passes 270 - ABC Online http://t.co/NCENa76Y #Typhoon,Related and informative
|Death Toll Climbs Dramatically in Wake of 'Super Typhoon' Bopha || Common Dreams http://t.co/36czzD62|,Related and informative
Good Lord we pray for the souls of the departed. May they rest in peace. And we pray for the safety of the Filipino people. Amen. #PabloPH,Related - but not informative
Philippines typhoon Bopha death toll rises to nearly 300 people.Ëè≤ÂæãÂÆæÈÅ≠20Âπ¥Êù•ÊúÄÂº∫Âè∞È£éÈáçÂàõ Ê≠ª‰∫°Â∑≤Ëøë‰∏âÁôæ‰∫∫„ÄÇhttp://t.co/9zheisLX,Related and informative
@JURISfernandez Our hometownMonkayoneeds foodclothesmedicines and shelters#HelpMonkayo #reliefPH #PabloPH #Bopha http://t.co/qDAJ59Fy,Related and informative
Typhoon #Bopha left 274 people death so far in #Philippines- #EU #UN #USA #White_House - http://t.co/6KtGphjm,Related and informative
Typhoon bopha/pablo impact in New Bataan town Compost... http://t.co/9g788fbG #NEWBataan #Compostela #ValleyPhilippines via @khalidkhan787,Related and informative
me and @zoanejude with @makipulido during #PabloPH coverage in #CdeO. oye! #SerbisyongTotoo http://t.co/cXXsO4Yp,Related and informative
Let's pause for a minute and pray for the victims of Pablo. #PabloPH,Related - but not informative
Bopha brings winds flash floods: Liz Neisloss reports on the worst typhoon in decades to hit The Philippines. http://t.co/MqqABQJe,Related and informative
Bopha brings winds flash floods: Liz Neisloss reports on the worst typhoon in decades to hit The Philippines. http://t.co/18ebycHU,Related and informative
Bopha brings winds flash floods: Liz Neisloss reports on the worst typhoon in decades to hit The Philippines. http://t.co/TU4iflh8,Related and informative
#WorldNews Philippine Typhoon Bopha death toll passes 300 ‚Äì BBC News: BBC News Philippine Typhoon Bopha death toll... http://t.co/IVjrdR0G,Related and informative
Caritas Manila is accepting donations for the Typhoon Pablo victims.Peso Bank Acct: METROBANK SA # 1753-17506954-3; PNB CA # 10-856-660001-7,Related and informative
Nag start ng bumuhos ang ulan..#PabloPh,Related - but not informative
Looking for ways to donate to the victims of #PabloPH? Check out our list: http://t.co/oJoHsCgZ,Related and informative
Philippine Typhoon Bopha death toll passes 300: http://t.co/FJXeQ9rU @youtube„Åï„Çì„Åã„Çâ,Related and informative
via @bnnnewscom Philippines: Typhoon Bopha kills 325 - More than 300 people have died and hundreds more are missing ... http://t.co/3q6aUPZW,Related and informative
|[ANC] Thousands of typhoon Pablo's victims crowd evacuation centers || Watch: http://t.co/50e3ch0D via Youtube¬©|,Related and informative
Grabe naman yung typhoon Pablo Bopha grabe magbawas ng tao! Tsk tsk...üòî,Related - but not informative
kawawa naman Visayas! grabe ka #PABLO!!! :(,Related - but not informative
Let's pray for the victims of typhoon Pablo.. Grabe andming ndaganan. Jusko.. :((,Related - but not informative
Let us all pray for the victims of typhoon Pablo!,Related - but not informative
@njdotcom Typhoon Bopha kills at least 283; 'entire families were washed away' http://t.co/WphCetRN,Related and informative
BBC News - Philippine Typhoon Bopha death toll passes 300 http://t.co/oRHZOjND,Related and informative
Homeless #TyphoonBopha http://t.co/GsfV7FJc,Related - but not informative
The whole world was glued on Sandy yesterday Typhoon Bopha killed at least 379 people in the Phillipines 400 missing http://t.co/tbTnWdAK,Related and informative
Heart-wrenching.. @stateofdnation: Sa pinakahuling tala ng NDRRMC 331 na ang nasawi habang 380 pa ang nawawala dahil sa Bagyong #PabloPH.,Related and informative
:( RT @amnexiaaa Some people can't enjoy the holidays. #pablo,Related - but not informative
Watching late news right now prayers for all those people who lost their loved ones in visayas and mindanao. #PabloPH #Bandila,Related - but not informative
Older people severely affected by Philippine Typhoon Bopha http://t.co/p9DLVqOo,Related and informative
Grabe nakakaawa mga victim ng typhoon Pablo..kakaiyak..,Related - but not informative
fvck me. I am not aware of the latest Typhoon Pablo :(,Related and informative
VIDEO: Young boy pulled from typhoon mud: The number of dead from typhoon Bopha that battered the southern Phili... http://t.co/fZHqs43h,Related and informative
‚Äú@iamsuperbianca: praying for those affected by #PabloPH that they keep warm dry safe and in good health tonight.‚Äù,Related - but not informative
Landslide losses from Typhoon Bopha / Pablo http://t.co/tpNrjsy0 @davepetley,Related and informative
En el bar del pueblo con @PatriAgudo @Alba_Agudo @carcar2103 @R_Collado7 @MarcosGil_7 @JaviZa10  @Estheer_95 #Pablo y #Robert,Not related
CNN: Typhoon hits where not expected: People in a valley in the Philippines didn't expect Typhoon Bopha to... http://t.co/bpdnGEjM #news,Related and informative
Volunteers needed in #Mindanao to help #pabloPH survivors: http://t.co/QTKgyexO #bophPH #reliefPH #hmrd via @Aline_Carr,Related and informative
Disaster relief efforts for those affected by typhoon Bopha are ongoing with the assistance of the national... http://t.co/zWg8xdq1,Related and informative
Buena tarde con @eduperezzfilis @Rickyy_1997 @fer_rayitoo @AlexUrbanflow @mariomelofumo #Pablo... :),Not applicable
Pray for the Philippines üòî #PabloPH,Related - but not informative
Death toll from Typhoon Bopha in the Philippines jumps to 418 hundreds still missing national disaster agency says (via @CNNi),Related and informative
#IHaveACrushOn @jwdshep1 because we are getting married. #Pablo,Not related
Will be in Davao tomorrow to help in the #PabloPH #reliefPH relief drives. Pls feel free to tweet me if u want to send donations. Pls RT. TY,Related and informative
@annecurtissmith miss anne are you raising  some funds for the victims of Typhoon Pablo? some one is asking to join :),Related - but not informative
PHILIPPINE DEATH TOLL FROM TYPHOON BOPHA RISES: 475 CONFIRMED DEAD (DEC 6 2012)   http://t.co/Gtx0T9nt,Related and informative
#PabloPH go away in our country pls. .thanks for visit but don't come back again :D you should have pity to us :(,Related - but not informative
You may drop off your #PabloPH donations at any LBC branch nationwide until Dec. 21st. Please tell your friends http://t.co/naEWVMom,Related and informative
Our God is Greater :) Good Morning! #PabloPH,Related - but not informative
So true RT @SinghSawant: #Sandy was all over the news for days while #Bopha with 477 dead made it to a 1.5 by 1.5 space on page 16 in #TOI,Related and informative
mySister on W.DC gathered lil donations for the victims of #Pablo. May Lord bless you and all other Pnoy's abroad. Bless your work,Related - but not informative
Wrath of #PabloPH in #Baungon #Bukidnon wrecks major bridge. Transport in town severely affected. #rescuePH #Mindanao  http://t.co/CgKBA2Wc,Related and informative
TULONG KABATAAN: #PabloPH  Let's help our kababayans in Mindanao. We are in need of donations and volunteers. Keep... http://t.co/LyHpzGhP,Related and informative
‚Äú@nirvadel: Nicey..Cancelling a Christmas party to donate to #PabloPH victims.‚Äù #rhbill,Related and informative
‚Äú@gmanews: Town of Sto. Tomas Pampanga to donate 500 coffins for victims of Typhoon #PabloPH.‚Äù,Related and informative
Anyone who wants to donate for the victims of Typhoon #PabloPH can directly contact us and we'll assist you with your donations. #ShaRED #fb,Related and informative
#tgif &lt;3 lets do help the victims of typhoon pablo. tss.. kung kelan magchi-#christmas tsaka naman nanyare yung ganito sa #philippines,Related - but not informative
There is urgent for food tents bottled water thermos plastic crates &amp; other basic supplies for #PabloPH survivors http://t.co/hJeNwgjS,Related and informative
|[ThePhilStar] More aid pour into Pablo-hit areas || More relief goods are now on its way to the typhoon Pablo-hit Dav... http://t.co/4y4TqRM3|,Related and informative
|Potable water needed by storm-hit areas. Water filtration systems on the way || via @rickycarandang #PabloPH #ReliefPH|,Related and informative
Phillipines buries its dead as typhoon Bopha death toll rises: Bad weather hampers search for survivors  as offi... http://t.co/QbGElH6G,Related and informative
Philippines buries its dead as typhoon Bopha death toll rises: Bad weather hampers search for survivors as offic... http://t.co/3CixFsUC,Related and informative
Afford ninyo mag party2 na ang uban tao wala nay makaon? Wala nay matulogan? #PabloPH,Related - but not informative
Praying for all people of Mindanao especially cateel and other affected areas of #Pablo,Related - but not informative
Let's help the victims of #PabloPH in ComVal #Davao Del Norte Davao Oriental and other badly hit areas. http://t.co/fQV8HalR,Related and informative
The effects of #typhoon Pablo in Mindano are believed to have been accentuated by the logging&amp;foreign mining companies ravaging the area :-(,Related and informative
Sa manlilikha naway bigyan mo ng lakas ng loob ang mga pamilya ng mga biktima ng bagyong #Pablo.,Related - but not informative
[WEATHER NEWS] Here is our latest video update on Typhoon Bopha (Bagyong Pablo) as well as on the earthquake that ha... http://t.co/FaGvlNnu,Related and informative
The news is just breaking my heart.#wrath#typhoonpablo,Related - but not informative
Track ng Bagyong #PabloPH bahagyang liliko habang papalabas ng PAR. Alamin ang weather update mula kay Nathaniel Mang Tani Cruz,Related and informative
Any relief operations in Makati and Taguig area? I'd like to volunteer #pabloPH,Related and informative
Crop damages in Bukidnon recognized as the food basket of Mindanao may amount to Php 304 Million --- http://t.co/NNdWGZ6n #PabloPH,Related and informative
Praying for victims of #Pablo in davao and other places in phils and safety for people of Japan,Related - but not informative
I uploaded a @YouTube video http://t.co/Y3Wl0PpX BREAKING NEWS: 400 DEAD &amp; RISING: TYPHOON Bopha RIPS through Philippines,Related and informative
And I was hoping a minimal casualty. :( How can we help? RT @wx_k: Close to 1000 dead due to typhoon #pablo http://t.co/5I6EghQk #fb,Related and informative
El hermano de #Pablo me tortura con reggaeton muerome. ;(,Not related
The wake of Typhoon Bopha: Philippines: Typhoon Bopha an incredibly powerful typhoon has killed hundreds trig... http://t.co/gg6Bc5AG,Related and informative
Reading the #metro #newspaper #pray #philippines #boxing #mannypaquiao #typhoon #pablo #bopha #keepsafe #ige http://t.co/nTtYteDi,Related - but not informative
NASA infrared data shows Typhoon Bopha re-strengthened in South China Sea: The deadly typhoon that caused almost... http://t.co/0REAzuO8,Related and informative
#PabloPH is indeed one hell of a mofo. http://t.co/aC5fVC2g,Related and informative
To those who have more in lifeshare your blessings to the unfortunate victims of typhoon pablo.GODALMIGHTY will reward u back!!!!,Related and informative
Pacquiao dedicating the fight to the victims of Typhoon Pablo #PacMarquez #PrayForThePhilippines,Related - but not informative
|[RAPPLER] 'Pablo' survivors loot shops || TAGUM Philippines -¬†Hungry survivors of a deadly Philippine typhoon looted... http://t.co/LBqs4DZ0|,Related and informative
#WeatherTweet:(DEVELOPING)#PabloPH Storm Signals up over Luzon as Pablo curves back as typhoon (via @seph_ubalde),Related and informative
http://t.co/ewplX8zJ Philippines Rice Crop Unaffected by Typhoon Bopha http://t.co/OdLifLbu,Related and informative
[DEVELOPING STORY]PHOTO: #PabloPH image from GMA Weather 320KM Northwest of Dagupan City. More details: (cont) http://t.co/u5gxvgTV,Related and informative
I have not used my PDAF for 2012. I will therefore use this fund to help areas devastated by Typhoon Pablo. --... http://t.co/66w8PtkB,Related and informative
guys the victims of typhoon#PabloPH needs our help. a pray is enough.,Related - but not informative
Pagasa: #PabloPH may now pass by extreme Northern Luzon. http://t.co/JaVownUC #anc,Related and informative
aanyaree??? Typhoon Pablo palangga nya gd ang Pilipinas ya! Ng U-Turn pa pabalik... Aixxt. 'PRAY' lg ta aah... http://t.co/vupltsjt,Related and informative
Eh kamusta naman yung babalik si typhoon Pablo? Buhyaaaaaaaaan! &gt;.&lt;,Related - but not informative
Yikes Signal #2 in Northern Luzon. #PabloPH,Related and informative
Prayers and condolences for our brothers and sisters who were affected by #PabloPH. Hope is eternal.,Related - but not informative
Pacquiao fight won't affect typhoon search rescue missions http://t.co/yHgbMGZu #PabloPH,Related - but not informative
the sky the music the sheer passion. #greenpeace #relief #mindanao #pabloPH http://t.co/KUBtm1q9,Not related
|#Typhoon #Bopha looks like it will be heading to #Luzon || http://t.co/93DxqeKq|,Related and informative
Si #PabloPH parang nag tour of the Philippines - Mindanao to Luzon. #overstaying,Related - but not informative
|Typhoon Bopha (Bagyong Pablo) Update December 8 2012 || Zuly Zami http://t.co/No4FozUb|,Related and informative
Masyado nang clingy 'tong si #PabloPH  gusto pa maglandfall ulit pero sa Luzon naman. TAMA NA PLEASE!,Related and informative
@nababaha Hindi po ako masyado nanonood ng news. Paupdate naman po sa #PabloPH. Babalik nga po ba talaga sa PH? How long &amp; affected areas?,Related - but not informative
#PabloPH amn baka ikutin mo pa ang pilipinas.....wag amn po......:(((,Related - but not informative
Ito yung kuha sa satellite ng bagyong 'Pablo' nung December 2grabenakakakilabot .. #PabloPH #RescuePH http://t.co/Kqp1CDHX,Related and informative
Ano bang nakalimutan nitong si #PabloPH. Di pa kuntento? @ABSCBNNews: Philippines braces for Typhoon Pablo's return http://t.co/O7srxKtg,Related - but not informative
Praying for those who affected by #PabloPH . Stay safe!,Related - but not informative
Typhoon Bopha threatens Philippines again: A rare cloud formation is seen amidst destroyed banana plantation fou... http://t.co/Yd8yj8xV,Related and informative
@MikeMasco  It won't happen until Typhoon Bopha recurves north and carves a trough IMO maybe that will be the pattern changer,Related - but not informative
Hoy toca salir con @LauraMmurillo #Miriam y #Pablo uuuueeee ajajajjaa,Not applicable
'Pablo' bahagyang humina; posibleng mag-landfall sa Ilocos Norte http://t.co/LKYL2ys9 #PabloPH http://t.co/N7LLHpyy,Related and informative
NDRRMC Latest Report #PabloPH: 464 dead 465 hurt 702 missing,Related and informative
Me caga que me dejen con la duda #PABLO.,Not related
Umakyat na sa 464 ang bilang ng mga nasawi 702 pa ang nawawala sa pananalanta ng #PabloPH ayon sa NDRRMC -- ulat ni Isa Avendano,Related and informative
Manny ipadama mo ang hagupit Bagyong Pablo kay Marquez!!! #PacMarquez #GoForKO #PabloPH,Related and informative
@thetrooper_12 Typhoon Bopha returns to Philippines: MANILA  - Heavy rain brought flooding fears in the n... http://t.co/575D0t5r #bnbah,Related and informative
WEATHER BULLETIN #24 TROPICAL CYCLONE WARNING: TROPICAL DEPRESSION ‚Äú#PabloPH‚Äù (BOPHA)  ISSUED AT 10:00 AM 09... http://t.co/RSCmucFQ,Related and informative
Dramatic twist: Typhoon Bopha to strike Philippines again - RT - by: Anonymous ... RT Dramatic twist: Typhoon Bopha... http://t.co/oCLdnx8X,Related and informative
PNP ready to assist in identifying typhoon Pablo‚Äôs victims http://t.co/YB4sB9V2,Related and informative
why haven't we seen more coverage of the devastation #PABLO caused in the #Philippines? death toll 500+ &amp; counting!,Related and informative
@jboygonzalessj: Pacquiao lost. Period. No meta meanings. Now our attention to #PabloPH.,Related - but not informative
Perfect! @vicmadz: @butchishere Basic facial at Php 200. #Zenbiosis #CDO,Not related
ALELUYA!!! LPA na lang si #PabloPH!!!,Related and informative
@KMJS God has a good plan for the typhoon Pablo victims just continue praying,Related - but not informative
Any amt will go a long way for those affected by #PabloPH! Drop by the booth in Gonzaga Caf tom til Fri 1030-430 pm!‚ò∫ http://t.co/oFC8Kcn8,Related and informative
#abscbn @ANCALERTS Typhoon Pablo to make landfall in Luzon http://t.co/2fmpfDms,Related and informative
#20PersonasQueHicieronDeMi2012AlgoIncreible Los tipicos mi gente @Raul_lucifer #Gines #CarlosA #Antonio #Rueda #Carlicos #Pablo #Juan David,Not applicable
Typhoon Bopha: Fears for Philippines missing - BBC News http://t.co/osw7pvKN,Related and informative
Typhoon Bopha Leaves Hundreds Of Fishermen Missing In Philippines http://t.co/ZahpsfTS  #tech #technology,Related and informative
BBC News UK Many still missing in Philippines: The number of people missing after Typhoon Bopha swept through th... http://t.co/YoAO5AG9,Related and informative
Many still missing in Philippines: The number of people missing after Typhoon Bopha swept through the Philippine... http://t.co/sfLLBrJh,Related and informative
Typhoon Bopha Leaves Hundreds Of Fishermen Missing In Philippines http://t.co/0UwKDVWz,Related and informative
How the UN Used Social Media in Response to Typhoon Pablo (Updated) http://t.co/WFzJeS2k,Related - but not informative
Sagip Kapamilya relief efforts for the victims of Typhoon Pablo (as of December 7 2012 5:00pm) http://t.co/QD2RYsj8 via @lopezlinkph,Related and informative
Let's pray for the victims of Typhoon Pablo. I believe it's a wakeup call to all of us that we need to take care of our mother earth...,Related - but not informative
A school devastated by #TyphoonBopha. Children can't really go back to school the soonest. #sadreality.@WorldVisionPH http://t.co/h0O6GuTf,Related and informative
Nakaka-awa naman mga kapamilya natin sa Mindanao at Visayas. :'(( I wish i could help them :/   #PabloPH,Related - but not informative
I remember strolling in ds place during summer vacations. Dis isn't my alma matter but my cousin's.#PabloPH http://t.co/q65ZWIb5,Not related
#reliefPH:(DEVELOPING)Maynilad Water Services Inc. has pledged P1 million to #TulongKapatid an @iamMVP telethon (cont) http://t.co/PdgIo2an,Related and informative
Pack and donate clothes! Make sure our words are backed up by actions. #PabloPH,Related and informative
‚ÄúThe death toll in the Philippines from Typhoon Bopha rises to 647 with 780 people still missing.‚Äù,Related and informative
@Sam_Southgate @peterjsouthgate #northpole2015 #Pablo's40th you in??,Not related
Jusin at least what you can do now is to help  the victims of Typhoon Pablo in the Philippines  #RespectThePhilippinesBieber,Related - but not informative
sinag: theatlantic:  In Focus: Typhoon Bopha Last week the southern Philippines was struck by Typhoon Bopha‚Ä¶ http://t.co/lSWAXmLx,Related and informative
@inquirerdotnet: Typhoon ‚ÄòPablo‚Äô reduces PH farmers to beggars http://t.co/PBKrW3Db this is heart breaking,Related and informative
Nothing but the best for all the victims of the typhoon #PabloPH ... God provides.,Related - but not informative
‚Äú At first he had hope some of his family would be found alive now all he prays for is a body to bury. http://t.co/Y5eaiYBD #PabloPH‚Äù,Related and informative
Children stand by wreckage of their village in Agusan del Sur #Philippines - more help urgently needed after #Bopha http://t.co/N1nbfIYU,Related and informative
The whole office agrees to donate exchange gift budget as cash donation to typhoon Pablo victims instead.,Related and informative
If I have a 2 Million Peso in my side right now I'd give the half of it to #PabloPH's victim.  #PleaseHelpThem :(,Related - but not informative
Philippines: Still struggling to reach Typhoon Bopha survivors http://t.co/Z4fFWv3H #Occupy #OpESR #OWS,Related and informative
|12-11-12 || Marketing Head || Gothong Southern Shipping Lines Inc. || Cagayan de Oro http://t.co/X7wTfdJ5 #CDO|,Not related
Goodnight papa jeff @jeffcanoy: End of Day 9 coverage. Bukas ulit! #PabloPH,Related - but not informative
Humanitarian crisis in Philippines following Typhoon Bopha http://t.co/xTq4j4A5,Related and informative
@davidconway92 If you were there for the end of sax class you'd understand. I'm sure @RyanHargadon would be only too happy too explain! #CDO,Not related
The Aboitiz Group is calling for cash donations for areas affected by typhoon Pablo. Details here:  http://t.co/PqCkEYpO,Related and informative
@UPManilaOnline's Ugnayan ng Pahinungod is accepting donations for the victims of Typhoon #PabloPh. http://t.co/ZKmYmGj3,Related and informative
Now on ANC: British Minister of State Hugo Swire says he has spoken with PH officials about typhoon Pablo &amp; the peace process in Mindanao,Related and informative
‚Äú@ABSCBNNews: Congressmen shell out P5k each for #PabloPH aid #reliefPH http://t.co/qXDOmnhz‚Äù  BARAT!!!,Related and informative
Typhoon Bopha - In Focus-The Atlantic http://t.co/vHLZ8Dsl,Related and informative
grabe~ Let's all pray for the victims of typhoon Pablo especially in Davao. =(,Related - but not informative
@cristal18 RESCUE RUN for Typhoon Pablo victimsDec23@BGC. 5K/10K.Reg starts Dec14@ MIZUNO/SecondWind/ARC. P200 donation. RT,Related and informative
Typhoon Bopha - In Focus - The Atlantic http://t.co/v14csJgV v√≠a @in_focus,Related and informative
Typhoon Bopha death toll rises to 902 - The death toll from Typhoon Bopha in the Philippines has increased to more t... http://t.co/Tu1uJf3C,Related and informative
I wonder if all these rich musicians will hold a benefit concert for Typhoon Bopha which has just killed over 700 people. #121212Concert,Related - but not informative
Dear #reliefPH volunteers and friends you are really teaching me a lot about compassion. Thank you. #PabloPH,Related - but not informative
|@gmanews: Instead of buying firecrackers DSWD urges public to just donate money for #PabloPH victims #DZBB || via @glenjuego. Agree!|,Related and informative
GMA Kapuso Foundation accepts donations for typhoon Pablo victims http://t.co/7A2hXyKd,Related and informative
COINCIDENCE????? http://t.co/GF0ajmbg ‚Ä¶ ‚Ä¶ ‚Ä¶ Damage due to typhoon Pablo reaches P14 billion - NDRRMC,Related and informative
Eating area demolished by Typhoon Pablo. We need to build a new one that is sturdy. http://t.co/hf473VRA,Related and informative
On @CCTV_America 9am MNL as the search continues for more than 350 missing fishermen after #Bopha how 3 fishermen survived 9 days at sea.,Related and informative
Sperrys foo daaayz #Pablo #Bff #FrenchBuddy #FWU http://t.co/ZP95pFxw,Not related
ella se pone mimosa #Patricia y √®l #Pablo le habla del otro hijo  #inoportunidad #Graduados,Not related
Today I have been reminded what death smells like. #bopha,Related - but not informative
Sec. Almendras also in the dialogue with LGU typhoon survivors #PabloPH,Related and informative
In the aftermath of super typhoon Bopha another video to touch your heart and soul. : http://t.co/FLcBYR2p,Related - but not informative
M√°s de 1.800 muertos y desaparecidos por el #tif√≥n #Bopha en #Filipinas http://t.co/cu2QseXz,Related and informative
KC Concepcion helps the World Food Programme's relief efforts in Mindanao for the victims of typhoon Pablo: http://t.co/KehpZFUv,Related and informative
Sad 2 hear tht da Typhoon victims r gtting more desperate as thy continue 2 struggle in order to survive n recover from the #pablo aftermath,Related - but not informative
